{"cameraMode":{"drawMode":0,"name":"Shaded","section":"Shading Mode"},"sceneLighting":false,"audioPlay":false,"sceneViewState":{"showFog":true,"showMaterialUpdate":false,"showSkybox":false,"showFlares":true,"showImageEffects":true,"showParticleSystems":true},"in2DMode":false,"pivot":{"x":5.165359020233154,"y":22.479278564453126,"z":-16.319082260131837},"rotation":{"x":-0.37253227829933169,"y":-0.23469790816307069,"z":0.0979117602109909,"w":-0.8925244808197022},"size":11.183135032653809,"orthographic":false}