{"cameraMode":{"drawMode":0,"name":"Shaded","section":"Shading Mode"},"sceneLighting":false,"audioPlay":false,"sceneViewState":{"showFog":true,"showMaterialUpdate":false,"showSkybox":false,"showFlares":true,"showImageEffects":true,"showParticleSystems":true},"in2DMode":false,"pivot":{"x":9.314534187316895,"y":30.364639282226564,"z":-35.23899459838867},"rotation":{"x":0.37371891736984255,"y":-0.055003728717565539,"z":0.022323980927467347,"w":0.9257056713104248},"size":10.314939498901368,"orthographic":false}