{"cameraMode":{"drawMode":0,"name":"Shaded","section":"Shading Mode"},"sceneLighting":false,"audioPlay":false,"sceneViewState":{"showFog":true,"showMaterialUpdate":false,"showSkybox":false,"showFlares":true,"showImageEffects":true,"showParticleSystems":true},"in2DMode":false,"pivot":{"x":10.728672981262207,"y":29.19106101989746,"z":-24.669878005981447},"rotation":{"x":-0.350868284702301,"y":0.0384630411863327,"z":-0.01444057747721672,"w":-0.9355356693267822},"size":11.197795867919922,"orthographic":false}